PRAGMA foreign_keys=OFF;
BEGIN TRANSACTION;
CREATE TABLE foods (
    food_id INTEGER PRIMARY KEY AUTOINCREMENT,
    name TEXT NOT NULL,
    variant TEXT,
    format TEXT,
    source TEXT
);
INSERT INTO foods VALUES(860,'banana',NULL,NULL,NULL);
INSERT INTO foods VALUES(861,'Greek yogurt',NULL,NULL,NULL);
INSERT INTO foods VALUES(862,'zucchini',NULL,NULL,NULL);
INSERT INTO foods VALUES(863,'ginger',NULL,NULL,NULL);
INSERT INTO foods VALUES(864,'frozen fruit',NULL,NULL,NULL);
INSERT INTO foods VALUES(865,'banana bread',NULL,NULL,NULL);
INSERT INTO foods VALUES(866,'cream cheese spread',NULL,NULL,NULL);
INSERT INTO foods VALUES(867,'coffee',NULL,NULL,NULL);
INSERT INTO foods VALUES(868,'half & half',NULL,NULL,NULL);
INSERT INTO foods VALUES(869,'tea',NULL,NULL,NULL);
INSERT INTO foods VALUES(870,'queso blanco',NULL,NULL,NULL);
INSERT INTO foods VALUES(871,'carne asada (prepared)',NULL,NULL,NULL);
INSERT INTO foods VALUES(872,'tomato',NULL,NULL,NULL);
INSERT INTO foods VALUES(873,'onion',NULL,NULL,NULL);
INSERT INTO foods VALUES(874,'cilantro',NULL,NULL,NULL);
INSERT INTO foods VALUES(875,'mayonnaise',NULL,NULL,NULL);
INSERT INTO foods VALUES(876,'salt',NULL,NULL,NULL);
INSERT INTO foods VALUES(877,'Coca-cola',NULL,NULL,NULL);
INSERT INTO foods VALUES(878,'IBC root beer',NULL,NULL,NULL);
INSERT INTO foods VALUES(879,'Kirkland Italian sausage',NULL,NULL,NULL);
INSERT INTO foods VALUES(880,'baby bella mushrooms',NULL,NULL,NULL);
INSERT INTO foods VALUES(881,'cheddar cheese, shredded',NULL,NULL,NULL);
INSERT INTO foods VALUES(882,'arepa',NULL,NULL,NULL);
INSERT INTO foods VALUES(883,'tomato sauce',NULL,NULL,NULL);
INSERT INTO foods VALUES(884,'ice cream','Mint Chocolate Chip',NULL,'Tillamook');
INSERT INTO foods VALUES(885,'asparagus',NULL,NULL,NULL);
INSERT INTO foods VALUES(886,'fiber powder',NULL,NULL,NULL);
INSERT INTO foods VALUES(887,'pineapple',NULL,NULL,NULL);
INSERT INTO foods VALUES(888,'bagel','sesame',NULL,'Kirkland');
INSERT INTO foods VALUES(889,'cheddar cheese',NULL,NULL,NULL);
INSERT INTO foods VALUES(890,'turkey, sliced',NULL,NULL,NULL);
INSERT INTO foods VALUES(891,'Kirkland low sodium bacon',NULL,NULL,NULL);
INSERT INTO foods VALUES(892,'romaine lettuce',NULL,NULL,NULL);
INSERT INTO foods VALUES(893,'mustard, stone ground',NULL,NULL,NULL);
INSERT INTO foods VALUES(894,'flour','all-purpose',NULL,'Kirkland');
INSERT INTO foods VALUES(895,'yeast, dry',NULL,NULL,NULL);
INSERT INTO foods VALUES(896,'roasted red peppers, canned',NULL,NULL,NULL);
INSERT INTO foods VALUES(897,'chickpeas, canned',NULL,NULL,NULL);
INSERT INTO foods VALUES(898,'sesame seeds',NULL,NULL,NULL);
INSERT INTO foods VALUES(899,'lemon',NULL,NULL,NULL);
INSERT INTO foods VALUES(900,'garlic powder',NULL,NULL,NULL);
INSERT INTO foods VALUES(901,'dill pickle chips',NULL,NULL,NULL);
INSERT INTO foods VALUES(902,'pretzel bites w/ cheese dip',NULL,NULL,NULL);
INSERT INTO foods VALUES(903,'mint chip Oreo',NULL,NULL,NULL);
INSERT INTO foods VALUES(904,'carrot',NULL,NULL,NULL);
INSERT INTO foods VALUES(905,'sour gummy worms',NULL,NULL,NULL);
INSERT INTO foods VALUES(906,'truffle popcorn',NULL,NULL,NULL);
INSERT INTO foods VALUES(907,'chicken fingers',NULL,NULL,'Raising Cane''s');
INSERT INTO foods VALUES(908,'fries, without salt',NULL,NULL,'Raising Cane''s');
INSERT INTO foods VALUES(909,'Cane''s sauce',NULL,NULL,'Raising Cane''s');
INSERT INTO foods VALUES(910,'ketchup',NULL,NULL,NULL);
INSERT INTO foods VALUES(911,'sweet tea',NULL,NULL,'Raising Cane''s');
INSERT INTO foods VALUES(912,'Starbucks iced chai latte',NULL,NULL,NULL);
INSERT INTO foods VALUES(913,'hoisin sauce',NULL,NULL,NULL);
INSERT INTO foods VALUES(914,'cocoa','marshmallows','powdered','Swiss Miss');
INSERT INTO foods VALUES(915,'cappucino',NULL,NULL,NULL);
INSERT INTO foods VALUES(916,'rice','jasmine',NULL,NULL);
INSERT INTO foods VALUES(917,'sesame oil',NULL,NULL,NULL);
INSERT INTO foods VALUES(918,'olive oil','extra virgin',NULL,NULL);
INSERT INTO foods VALUES(919,'garlic',NULL,NULL,NULL);
INSERT INTO foods VALUES(920,'rice vinegar',NULL,NULL,NULL);
INSERT INTO foods VALUES(921,'red pepper',NULL,'crushed',NULL);
INSERT INTO foods VALUES(922,'black pepper',NULL,'ground',NULL);
INSERT INTO foods VALUES(923,'bell pepper',NULL,NULL,NULL);
INSERT INTO foods VALUES(924,'water chestnuts',NULL,NULL,NULL);
INSERT INTO foods VALUES(925,'green onions',NULL,NULL,NULL);
INSERT INTO foods VALUES(926,'cashews',NULL,NULL,NULL);
INSERT INTO foods VALUES(927,'chicken breast',NULL,NULL,NULL);
INSERT INTO foods VALUES(928,'ice cream','Waffle Cone Swirl',NULL,'Tillamook');
INSERT INTO foods VALUES(929,'baking powder',NULL,NULL,NULL);
INSERT INTO foods VALUES(930,'baking soda',NULL,NULL,NULL);
INSERT INTO foods VALUES(931,'sugar',NULL,NULL,NULL);
INSERT INTO foods VALUES(932,'butter','unsalted',NULL,NULL);
INSERT INTO foods VALUES(933,'milk','2%',NULL,NULL);
INSERT INTO foods VALUES(934,'lemon juice','fresh',NULL,NULL);
INSERT INTO foods VALUES(935,'lemon zest',NULL,NULL,NULL);
INSERT INTO foods VALUES(936,'vanilla extract',NULL,NULL,NULL);
INSERT INTO foods VALUES(937,'poppy seeds',NULL,NULL,NULL);
INSERT INTO foods VALUES(938,'egg',NULL,NULL,NULL);
INSERT INTO foods VALUES(939,'potato','Russet',NULL,NULL);
INSERT INTO foods VALUES(940,'ketchup','Ghost Pepper',NULL,'Melinda''s');
INSERT INTO foods VALUES(941,'mozzarella',NULL,NULL,NULL);
INSERT INTO foods VALUES(942,'panko breadcrumbs',NULL,NULL,NULL);
INSERT INTO foods VALUES(943,'caesar dressing',NULL,NULL,NULL);
INSERT INTO foods VALUES(944,'ice cream','Butter Pecan',NULL,'Tillamook');
INSERT INTO foods VALUES(945,'bagel','plain',NULL,'Kirkland');
INSERT INTO foods VALUES(946,'tortilla','corn',NULL,NULL);
INSERT INTO foods VALUES(947,'ground beef',NULL,NULL,NULL);
INSERT INTO foods VALUES(948,'corn chips',NULL,NULL,NULL);
INSERT INTO foods VALUES(949,'pancake mix',NULL,NULL,'Kodiak');
INSERT INTO foods VALUES(950,'maple syrup',NULL,NULL,NULL);
INSERT INTO foods VALUES(951,'Dr Pepper',NULL,'canned',NULL);
INSERT INTO foods VALUES(952,'pizza','deluxe -sausage',NULL,'Marco''s');
INSERT INTO foods VALUES(953,'ice cream','Tillamook Mudslide',NULL,'Tillamook');
INSERT INTO foods VALUES(954,'parmesan cheese',NULL,NULL,NULL);
INSERT INTO foods VALUES(955,'riced hearts of palm',NULL,NULL,NULL);
INSERT INTO foods VALUES(956,'Sausage McGriddles',NULL,NULL,'McDonald''s');
INSERT INTO foods VALUES(957,'beef broth','Maria',NULL,NULL);
INSERT INTO foods VALUES(958,'cucumber',NULL,'sliced',NULL);
INSERT INTO foods VALUES(959,'bagel','blueberry',NULL,NULL);
INSERT INTO foods VALUES(960,'ginger beer',NULL,NULL,'Summit');
INSERT INTO foods VALUES(961,'salsa','Restaurant Style',NULL,'Casa Mamita');
INSERT INTO foods VALUES(962,'frozen custard','Crazy for Cookie Dough',NULL,'Culver''s');
INSERT INTO foods VALUES(963,'sour cream',NULL,NULL,'Daisy');
INSERT INTO foods VALUES(964,'protein powder',NULL,NULL,NULL);
INSERT INTO foods VALUES(965,'pepperoni',NULL,NULL,NULL);
INSERT INTO foods VALUES(966,'pizza sauce','Traditional',NULL,'Reggano');
INSERT INTO foods VALUES(967,'chocolate','bittersweet','chips',NULL);
INSERT INTO foods VALUES(968,'white cheddar cheese',NULL,NULL,NULL);
INSERT INTO foods VALUES(969,'steak','ribeye',NULL,NULL);
INSERT INTO foods VALUES(970,'Tony Chachere''s',NULL,NULL,NULL);
INSERT INTO foods VALUES(971,'vodka',NULL,NULL,NULL);
INSERT INTO foods VALUES(972,'orzo',NULL,NULL,NULL);
INSERT INTO foods VALUES(973,'spinach',NULL,NULL,NULL);
INSERT INTO foods VALUES(974,'sun-dried tomatoes',NULL,NULL,'Traina');
INSERT INTO foods VALUES(975,'chicken broth','Maria',NULL,NULL);
INSERT INTO foods VALUES(976,'Floridian French Toast',NULL,NULL,'First Watch');
INSERT INTO foods VALUES(977,'small potato',NULL,NULL,NULL);
INSERT INTO foods VALUES(978,'hot sauce','Death Angel',NULL,'OSA Gourmet');
INSERT INTO foods VALUES(979,'plantain chips','Lime',NULL,'Chifles');
INSERT INTO foods VALUES(980,'ranch dressing','Light Parmesan Peppercorn',NULL,'Wish Bone');
INSERT INTO foods VALUES(981,'pizza','pepperoni',NULL,'Marco''s');
INSERT INTO foods VALUES(982,'Smokehouse BBQ Chicken',NULL,NULL,'Panera');
INSERT INTO foods VALUES(983,'Starry',NULL,NULL,NULL);
INSERT INTO foods VALUES(984,'vanilla single with Andes mints',NULL,NULL,'Culver''s');
INSERT INTO foods VALUES(985,'hot sauce','Original',NULL,'Tabañero');
INSERT INTO foods VALUES(986,'shrimp',NULL,NULL,NULL);
INSERT INTO foods VALUES(987,'soy sauce','Reduced Sodium',NULL,'Fusia');
INSERT INTO foods VALUES(988,'hot honey',NULL,NULL,NULL);
INSERT INTO foods VALUES(989,'Chicken Sandwich','Original',NULL,'Chick-fil-A');
INSERT INTO foods VALUES(990,'Waffle Fries','no salt',NULL,'Chick-fil-A');
INSERT INTO foods VALUES(991,'Chick-fil-A Sauce',NULL,NULL,'Chick-fil-A');
INSERT INTO foods VALUES(992,'Peach Milkshake',NULL,NULL,'Chick-fil-A');
INSERT INTO foods VALUES(993,'Oatmeal','Blueberries & Cream',NULL,'Kodiak');
INSERT INTO foods VALUES(994,'pizza','Deluxe',NULL,'Marco''s');
INSERT INTO foods VALUES(995,'pizza','Garden',NULL,'Marco''s');
INSERT INTO foods VALUES(996,'Havarti cheese',NULL,'sliced','Tillamook');
INSERT INTO foods VALUES(997,'Montreal Steak seasoning',NULL,NULL,'McCormick');
INSERT INTO foods VALUES(998,'Worcestershire sauce',NULL,NULL,'Lea & Perrins');
INSERT INTO foods VALUES(999,'hamburger bun',NULL,NULL,NULL);
INSERT INTO foods VALUES(1000,'mustard','spicy',NULL,'Publix');
INSERT INTO foods VALUES(1001,'ice cream','Cosmic Brownie',NULL,'Kelly''s');
INSERT INTO foods VALUES(1002,'salt-free baking powder',NULL,NULL,NULL);
INSERT INTO foods VALUES(1003,'NU salt',NULL,NULL,NULL);
INSERT INTO foods VALUES(1004,'Sunchips','Harvest Cheddar',NULL,'Sunchips');
INSERT INTO foods VALUES(1005,'Hook & Ladder',NULL,NULL,'Firehouse');
INSERT INTO foods VALUES(1006,'pickle spear',NULL,NULL,'Firehouse');
INSERT INTO foods VALUES(1007,'traditional pasta sauce',NULL,NULL,'Publix');
INSERT INTO foods VALUES(1008,'chai latte','hot',NULL,'Starbucks');
INSERT INTO foods VALUES(1009,'bacon, sausage & egg wrap',NULL,NULL,'Starbucks');
INSERT INTO foods VALUES(1010,'good chicken',NULL,NULL,'Melao');
INSERT INTO foods VALUES(1011,'milk tea',NULL,NULL,NULL);
INSERT INTO foods VALUES(1012,'cracker','Town House',NULL,'Kellogg');
INSERT INTO foods VALUES(1013,'bagel','everything',NULL,'Kirkland');
INSERT INTO foods VALUES(1014,'chicken tenders',NULL,NULL,'Publix');
INSERT INTO foods VALUES(1015,'Bayou brownie','Mary Deibler',NULL,NULL);
INSERT INTO foods VALUES(1016,'Grilled Shrimp','appetizer',NULL,'Texas Roadhouse');
INSERT INTO foods VALUES(1017,'Steak Kabob','broccoli',NULL,'Texas Roadhouse');
CREATE TABLE food_units (
    food_unit_id INTEGER PRIMARY KEY AUTOINCREMENT,
    food_id INTEGER NOT NULL,
    unit TEXT NOT NULL,
    sodium_mg INTEGER NOT NULL, -- Sodium amount in milligrams
    FOREIGN KEY (food_id) REFERENCES foods(food_id)
);
INSERT INTO food_units VALUES(1007,860,'large',1);
INSERT INTO food_units VALUES(1008,861,'2/3 c',65);
INSERT INTO food_units VALUES(1009,862,'medium',9);
INSERT INTO food_units VALUES(1010,863,'finger',0.5);
INSERT INTO food_units VALUES(1011,864,'any',0);
INSERT INTO food_units VALUES(1012,865,'slice',175);
INSERT INTO food_units VALUES(1013,866,'2 T',120);
INSERT INTO food_units VALUES(1014,867,'6 oz',4);
INSERT INTO food_units VALUES(1015,868,'2 T',15);
INSERT INTO food_units VALUES(1016,869,'any',0);
INSERT INTO food_units VALUES(1017,870,'oz',210);
INSERT INTO food_units VALUES(1018,871,'4 oz',750);
INSERT INTO food_units VALUES(1019,872,'small',5);
INSERT INTO food_units VALUES(1020,873,'medium',3);
INSERT INTO food_units VALUES(1021,874,'sprig',1);
INSERT INTO food_units VALUES(1022,875,'T',100);
INSERT INTO food_units VALUES(1023,876,'¼ t',420);
INSERT INTO food_units VALUES(1024,877,'12 oz',45);
INSERT INTO food_units VALUES(1025,878,'12 oz',55);
INSERT INTO food_units VALUES(1026,879,'link',630);
INSERT INTO food_units VALUES(1027,880,'medium',5);
INSERT INTO food_units VALUES(1028,881,'¼ c',180);
INSERT INTO food_units VALUES(1029,882,'arepa',75);
INSERT INTO food_units VALUES(1030,883,'can',2100);
INSERT INTO food_units VALUES(1031,884,'scoop',50);
INSERT INTO food_units VALUES(1032,885,'½ c',1);
INSERT INTO food_units VALUES(1033,886,'any',0);
INSERT INTO food_units VALUES(1034,887,'½ c',1);
INSERT INTO food_units VALUES(1035,888,'bagel',580);
INSERT INTO food_units VALUES(1036,889,'oz',180);
INSERT INTO food_units VALUES(1037,890,'slice',100);
INSERT INTO food_units VALUES(1038,891,'2 slices',140);
INSERT INTO food_units VALUES(1039,892,'6 leaves',10);
INSERT INTO food_units VALUES(1040,893,'t',85);
INSERT INTO food_units VALUES(1041,894,'c',0);
INSERT INTO food_units VALUES(1042,895,'T',6);
INSERT INTO food_units VALUES(1043,896,'8 slices',104);
INSERT INTO food_units VALUES(1044,897,'can',420);
INSERT INTO food_units VALUES(1045,898,'T',9);
INSERT INTO food_units VALUES(1046,899,'lemon',1);
INSERT INTO food_units VALUES(1047,900,'t',1);
INSERT INTO food_units VALUES(1048,901,'17 chips',160);
INSERT INTO food_units VALUES(1049,902,'5 bites',660);
INSERT INTO food_units VALUES(1050,903,'cookie',45);
INSERT INTO food_units VALUES(1051,904,'medium',42);
INSERT INTO food_units VALUES(1052,905,'container',10);
INSERT INTO food_units VALUES(1053,906,'3 ½ c',300);
INSERT INTO food_units VALUES(1054,907,'finger',190);
INSERT INTO food_units VALUES(1055,908,'order',100);
INSERT INTO food_units VALUES(1056,909,'cup',580);
INSERT INTO food_units VALUES(1057,910,'2 T',250);
INSERT INTO food_units VALUES(1058,911,'regular',25);
INSERT INTO food_units VALUES(1059,912,'venti',160);
INSERT INTO food_units VALUES(1060,913,'T',180);
INSERT INTO food_units VALUES(1061,914,'packet',140);
INSERT INTO food_units VALUES(1062,915,'16 oz',120);
INSERT INTO food_units VALUES(1063,916,'c',0);
INSERT INTO food_units VALUES(1064,917,'T',0);
INSERT INTO food_units VALUES(1065,918,'T',0);
INSERT INTO food_units VALUES(1066,919,'clove',1);
INSERT INTO food_units VALUES(1067,920,'T',0);
INSERT INTO food_units VALUES(1068,921,'t',0);
INSERT INTO food_units VALUES(1069,922,'t',1);
INSERT INTO food_units VALUES(1070,923,'medium',2);
INSERT INTO food_units VALUES(1071,924,'can',30);
INSERT INTO food_units VALUES(1072,925,'large',4);
INSERT INTO food_units VALUES(1073,926,'c',22);
INSERT INTO food_units VALUES(1074,927,'lb',300);
INSERT INTO food_units VALUES(1075,928,'scoop',60);
INSERT INTO food_units VALUES(1076,884,'scoop',50);
INSERT INTO food_units VALUES(1077,929,'t',520);
INSERT INTO food_units VALUES(1078,930,'t',1200);
INSERT INTO food_units VALUES(1079,931,'c',0);
INSERT INTO food_units VALUES(1080,932,'stick',13);
INSERT INTO food_units VALUES(1081,933,'c',100);
INSERT INTO food_units VALUES(1082,934,'c',50);
INSERT INTO food_units VALUES(1083,935,'T',1);
INSERT INTO food_units VALUES(1084,936,'t',0);
INSERT INTO food_units VALUES(1085,937,'T',2);
INSERT INTO food_units VALUES(1086,938,'egg',65);
INSERT INTO food_units VALUES(1087,939,'large',30);
INSERT INTO food_units VALUES(1088,940,'T',170);
INSERT INTO food_units VALUES(1089,941,'oz',180);
INSERT INTO food_units VALUES(1090,942,'c',165);
INSERT INTO food_units VALUES(1091,943,'T',130);
INSERT INTO food_units VALUES(1092,944,'scoop',75);
INSERT INTO food_units VALUES(1093,945,'bagel',540);
INSERT INTO food_units VALUES(1094,946,'tortilla',5);
INSERT INTO food_units VALUES(1095,947,'lb',299);
INSERT INTO food_units VALUES(1096,948,'21 chips',70);
INSERT INTO food_units VALUES(1097,949,'c',900);
INSERT INTO food_units VALUES(1098,950,'T',0);
INSERT INTO food_units VALUES(1099,951,'oz',4.58333333333333303);
INSERT INTO food_units VALUES(1100,952,'slice',810);
INSERT INTO food_units VALUES(1101,953,'scoop',70);
INSERT INTO food_units VALUES(1102,954,'oz',360);
INSERT INTO food_units VALUES(1103,955,'c',0);
INSERT INTO food_units VALUES(1104,956,'sandwich',990);
INSERT INTO food_units VALUES(1105,957,'c',300);
INSERT INTO food_units VALUES(1106,958,'c',2);
INSERT INTO food_units VALUES(1107,959,'bagel',400);
INSERT INTO food_units VALUES(1108,960,'oz',2.5);
INSERT INTO food_units VALUES(1109,961,'g',7);
INSERT INTO food_units VALUES(1110,962,'scoop',282.5);
INSERT INTO food_units VALUES(1111,963,'T',7.5);
INSERT INTO food_units VALUES(1112,964,'scoop',30);
INSERT INTO food_units VALUES(1113,965,'slice',33.3333333333333357);
INSERT INTO food_units VALUES(1114,966,'c',1040);
INSERT INTO food_units VALUES(1115,936,'t',0);
INSERT INTO food_units VALUES(1116,967,'oz',0);
INSERT INTO food_units VALUES(1117,968,'oz',180);
INSERT INTO food_units VALUES(1118,969,'oz',15);
INSERT INTO food_units VALUES(1119,970,'¼ t',110);
INSERT INTO food_units VALUES(1120,971,'oz',0);
INSERT INTO food_units VALUES(1121,972,'c',0);
INSERT INTO food_units VALUES(1122,973,'oz',21.75);
INSERT INTO food_units VALUES(1123,974,'g',1);
INSERT INTO food_units VALUES(1124,975,'c',140);
INSERT INTO food_units VALUES(1125,976,'order',820);
INSERT INTO food_units VALUES(1126,977,'potato',0);
INSERT INTO food_units VALUES(1127,978,'t',125);
INSERT INTO food_units VALUES(1128,979,'oz',220);
INSERT INTO food_units VALUES(1129,980,'T',127);
INSERT INTO food_units VALUES(1130,981,'slice',720);
INSERT INTO food_units VALUES(1131,982,'sandwich',2250);
INSERT INTO food_units VALUES(1132,983,'oz',2.91666666666666651);
INSERT INTO food_units VALUES(1133,984,'scoop',90);
INSERT INTO food_units VALUES(1134,985,'t',30);
INSERT INTO food_units VALUES(1135,986,'prawn',38.75);
INSERT INTO food_units VALUES(1136,987,'T',570);
INSERT INTO food_units VALUES(1137,988,'T',0);
INSERT INTO food_units VALUES(1138,989,'sandwich',1460);
INSERT INTO food_units VALUES(1139,990,'large',30);
INSERT INTO food_units VALUES(1140,991,'dipcup',170);
INSERT INTO food_units VALUES(1141,992,'large',560);
INSERT INTO food_units VALUES(1142,993,'packet',210);
INSERT INTO food_units VALUES(1143,994,'slice',930);
INSERT INTO food_units VALUES(1144,995,'slice',760);
INSERT INTO food_units VALUES(1145,996,'slice',135);
INSERT INTO food_units VALUES(1146,997,'t',720);
INSERT INTO food_units VALUES(1147,998,'t',65);
INSERT INTO food_units VALUES(1148,999,'bun',250);
INSERT INTO food_units VALUES(1149,1000,'t',60);
INSERT INTO food_units VALUES(1150,1001,'scoop',90);
INSERT INTO food_units VALUES(1151,1002,'t',0);
INSERT INTO food_units VALUES(1152,1003,'t',0);
INSERT INTO food_units VALUES(1153,1002,'t',0);
INSERT INTO food_units VALUES(1154,1003,'t',0);
INSERT INTO food_units VALUES(1155,1004,'oz',173.333333333333342);
INSERT INTO food_units VALUES(1156,1005,'sandwich',3000);
INSERT INTO food_units VALUES(1157,1006,'sandwich',240);
INSERT INTO food_units VALUES(1158,1007,'c',940);
INSERT INTO food_units VALUES(1159,1008,'oz',7.5);
INSERT INTO food_units VALUES(1160,1009,'wrap',1050);
INSERT INTO food_units VALUES(1161,1010,'piece',1500);
INSERT INTO food_units VALUES(1162,1011,'oz',2.5);
INSERT INTO food_units VALUES(1163,1012,'cracker',30);
INSERT INTO food_units VALUES(1164,1013,'bagel',550);
INSERT INTO food_units VALUES(1165,1014,'oz',210);
INSERT INTO food_units VALUES(1166,1015,'brownie',135.066666666666662);
INSERT INTO food_units VALUES(1167,1016,'order',1530);
INSERT INTO food_units VALUES(1168,1017,'order',3220);
CREATE TABLE recipes (
    recipe_id INTEGER PRIMARY KEY AUTOINCREMENT,
    name TEXT NOT NULL,
    variant TEXT,
    yield REAL NOT NULL, -- recipe yield (e.g. 1)
    unit TEXT NOT NULL -- Unit of measurement for the recipe (e.g., "sandwich")
);
INSERT INTO recipes VALUES(219,'Smoothie',NULL,1.0,'smoothie');
INSERT INTO recipes VALUES(220,'Pasta sauce',NULL,1.0,'pot');
INSERT INTO recipes VALUES(221,'Smoothie 2',NULL,1.0,'smoothie');
INSERT INTO recipes VALUES(222,'bread, Maria',NULL,1.0,'loaf');
INSERT INTO recipes VALUES(223,'turkey sandwich',NULL,1.0,'sandwich');
INSERT INTO recipes VALUES(224,'hummus',NULL,40.0,'T');
INSERT INTO recipes VALUES(225,'Mediterranean sandwich',NULL,1.0,'sandwich');
INSERT INTO recipes VALUES(226,'Smoothie 3',NULL,1.0,'smoothie');
INSERT INTO recipes VALUES(227,'cashew chicken',NULL,1.0,'batch');
INSERT INTO recipes VALUES(228,'poppy seed muffins','Lexi',1.0,'15 muffins');
INSERT INTO recipes VALUES(229,'French fries',NULL,1.0,'4 handfuls');
INSERT INTO recipes VALUES(230,'chicken caesar salad',NULL,1.0,'large bowl');
INSERT INTO recipes VALUES(231,'crunchy tacos',NULL,1.0,'6 tacos');
INSERT INTO recipes VALUES(232,'Ersatz McGriddle',NULL,1.0,'5 pancakes');
INSERT INTO recipes VALUES(233,'homemade tortilla',NULL,16.0,'tortilla');
INSERT INTO recipes VALUES(234,'turkey wrap',NULL,1.0,'wrap');
INSERT INTO recipes VALUES(235,'veggie wrap',NULL,1.0,'wrap');
INSERT INTO recipes VALUES(236,'Meatballs',NULL,10.0,'meatball');
INSERT INTO recipes VALUES(237,'Smoothie 4',NULL,1.0,'smoothie');
INSERT INTO recipes VALUES(238,'Chicken & Salsa',NULL,1.0,'batch');
INSERT INTO recipes VALUES(239,'Chicken Tacos',NULL,2.0,'taco');
INSERT INTO recipes VALUES(240,'Smoothie 4',NULL,1.0,'smoothie');
INSERT INTO recipes VALUES(241,'pizza dough',NULL,1.0,'large');
INSERT INTO recipes VALUES(242,'pizza Maria',NULL,8.0,'slice');
INSERT INTO recipes VALUES(243,'chocolate chip cookie',NULL,60.0,'cookie');
INSERT INTO recipes VALUES(244,'Sun-dried Tomato Orzo',NULL,1.0,'pot');
INSERT INTO recipes VALUES(245,'Cheesy Smashed Potatoes',NULL,25.0,'potato');
INSERT INTO recipes VALUES(246,'Shrimp Fried Rice','Maria',3.0,'serving');
INSERT INTO recipes VALUES(247,'Double Burger','Holly',1.0,'sandwich');
INSERT INTO recipes VALUES(248,'McGriddle Bites','Maria',20.0,'bites');
INSERT INTO recipes VALUES(249,'bread, low salt',NULL,10.0,'slice');
INSERT INTO recipes VALUES(250,'salt-free pasta',NULL,10.0,'serving');
INSERT INTO recipes VALUES(251,'Sausage Red Sauce',NULL,12.0,'serving');
INSERT INTO recipes VALUES(252,'chocolate chip cookie','less salt',60.0,'cookie');
INSERT INTO recipes VALUES(253,'Chicken Caesar Wrap',NULL,1.0,'wrap');
CREATE TABLE recipe_ingredients (
    recipe_ingredient_id INTEGER PRIMARY KEY AUTOINCREMENT,
    recipe_id INTEGER NOT NULL,
    food_unit_id INTEGER,
    subrecipe_id INTEGER,
    quantity REAL NOT NULL, -- Quantity of the food unit in the recipe
    FOREIGN KEY (recipe_id) REFERENCES recipes(recipe_id),
    FOREIGN KEY (subrecipe_id) REFERENCES recipes(recipe_id),
    FOREIGN KEY (food_unit_id) REFERENCES food_units(food_unit_id)
    CHECK (food_unit_id IS NOT NULL OR subrecipe_id IS NOT NULL)
);
INSERT INTO recipe_ingredients VALUES(1269,219,1007,NULL,1.5);
INSERT INTO recipe_ingredients VALUES(1270,219,1008,NULL,0.5);
INSERT INTO recipe_ingredients VALUES(1271,219,1009,NULL,1.0);
INSERT INTO recipe_ingredients VALUES(1272,219,1010,NULL,1.0);
INSERT INTO recipe_ingredients VALUES(1273,220,1030,NULL,1.0);
INSERT INTO recipe_ingredients VALUES(1274,220,1026,NULL,3.0);
INSERT INTO recipe_ingredients VALUES(1275,220,1009,NULL,0.5);
INSERT INTO recipe_ingredients VALUES(1276,220,1027,NULL,4.0);
INSERT INTO recipe_ingredients VALUES(1277,220,1020,NULL,1.5);
INSERT INTO recipe_ingredients VALUES(1278,221,1007,NULL,1.25);
INSERT INTO recipe_ingredients VALUES(1279,221,1009,NULL,1.0);
INSERT INTO recipe_ingredients VALUES(1280,221,1032,NULL,0.5);
INSERT INTO recipe_ingredients VALUES(1281,221,1011,NULL,1.0);
INSERT INTO recipe_ingredients VALUES(1282,221,1034,NULL,2.0);
INSERT INTO recipe_ingredients VALUES(1283,221,1033,NULL,1.0);
INSERT INTO recipe_ingredients VALUES(1284,221,1010,NULL,1.0);
INSERT INTO recipe_ingredients VALUES(1285,221,1008,NULL,0.5);
INSERT INTO recipe_ingredients VALUES(1286,222,1023,NULL,8.0);
INSERT INTO recipe_ingredients VALUES(1287,222,1041,NULL,3.5);
INSERT INTO recipe_ingredients VALUES(1288,222,1042,NULL,0.0833333333333333009);
INSERT INTO recipe_ingredients VALUES(1289,223,1037,NULL,4.0);
INSERT INTO recipe_ingredients VALUES(1290,223,1036,NULL,1.0);
INSERT INTO recipe_ingredients VALUES(1291,223,1038,NULL,1.0);
INSERT INTO recipe_ingredients VALUES(1292,223,1020,NULL,0.25);
INSERT INTO recipe_ingredients VALUES(1293,223,1039,NULL,0.333333333333332981);
INSERT INTO recipe_ingredients VALUES(1294,223,1022,NULL,1.0);
INSERT INTO recipe_ingredients VALUES(1295,223,1040,NULL,1.0);
INSERT INTO recipe_ingredients VALUES(1296,223,NULL,222,0.166666666666666657);
INSERT INTO recipe_ingredients VALUES(1297,224,1044,NULL,1.0);
INSERT INTO recipe_ingredients VALUES(1298,224,1045,NULL,4.0);
INSERT INTO recipe_ingredients VALUES(1299,224,1046,NULL,0.5);
INSERT INTO recipe_ingredients VALUES(1300,224,1047,NULL,1.0);
INSERT INTO recipe_ingredients VALUES(1301,225,1020,NULL,0.25);
INSERT INTO recipe_ingredients VALUES(1302,225,1009,NULL,0.5);
INSERT INTO recipe_ingredients VALUES(1303,225,1027,NULL,3.0);
INSERT INTO recipe_ingredients VALUES(1304,225,1039,NULL,0.333333333333332981);
INSERT INTO recipe_ingredients VALUES(1305,225,1043,NULL,0.5);
INSERT INTO recipe_ingredients VALUES(1306,225,NULL,222,0.166666666666666657);
INSERT INTO recipe_ingredients VALUES(1307,225,NULL,224,1.0);
INSERT INTO recipe_ingredients VALUES(1308,226,1007,NULL,1.25);
INSERT INTO recipe_ingredients VALUES(1309,226,1009,NULL,0.5);
INSERT INTO recipe_ingredients VALUES(1310,226,1032,NULL,0.5);
INSERT INTO recipe_ingredients VALUES(1311,226,1011,NULL,1.0);
INSERT INTO recipe_ingredients VALUES(1312,226,1034,NULL,2.0);
INSERT INTO recipe_ingredients VALUES(1313,226,1033,NULL,1.0);
INSERT INTO recipe_ingredients VALUES(1314,226,1010,NULL,1.0);
INSERT INTO recipe_ingredients VALUES(1315,226,1008,NULL,0.5);
INSERT INTO recipe_ingredients VALUES(1316,227,1060,NULL,3.0);
INSERT INTO recipe_ingredients VALUES(1317,227,1063,NULL,0.0);
INSERT INTO recipe_ingredients VALUES(1318,227,1074,NULL,0.5);
INSERT INTO recipe_ingredients VALUES(1319,227,1064,NULL,2.0);
INSERT INTO recipe_ingredients VALUES(1320,227,1066,NULL,2.0);
INSERT INTO recipe_ingredients VALUES(1321,227,1067,NULL,2.0);
INSERT INTO recipe_ingredients VALUES(1322,227,1068,NULL,1.0);
INSERT INTO recipe_ingredients VALUES(1323,227,1069,NULL,1.0);
INSERT INTO recipe_ingredients VALUES(1324,227,1051,NULL,1.5);
INSERT INTO recipe_ingredients VALUES(1325,227,1070,NULL,1.0);
INSERT INTO recipe_ingredients VALUES(1326,227,1071,NULL,1.0);
INSERT INTO recipe_ingredients VALUES(1327,227,1073,NULL,0.5);
INSERT INTO recipe_ingredients VALUES(1328,227,1072,NULL,3.0);
INSERT INTO recipe_ingredients VALUES(1329,228,1041,NULL,2.25);
INSERT INTO recipe_ingredients VALUES(1330,228,1077,NULL,2.0);
INSERT INTO recipe_ingredients VALUES(1331,228,1078,NULL,0.5);
INSERT INTO recipe_ingredients VALUES(1332,228,1023,NULL,2.0);
INSERT INTO recipe_ingredients VALUES(1333,228,1008,NULL,1.5);
INSERT INTO recipe_ingredients VALUES(1334,228,1086,NULL,2.0);
INSERT INTO recipe_ingredients VALUES(1335,228,1079,NULL,0.666666666666666962);
INSERT INTO recipe_ingredients VALUES(1336,228,1080,NULL,1.0);
INSERT INTO recipe_ingredients VALUES(1337,228,1081,NULL,0.5);
INSERT INTO recipe_ingredients VALUES(1338,228,1082,NULL,0.25);
INSERT INTO recipe_ingredients VALUES(1339,228,1083,NULL,2.0);
INSERT INTO recipe_ingredients VALUES(1340,228,1084,NULL,1.0);
INSERT INTO recipe_ingredients VALUES(1341,228,1085,NULL,2.0);
INSERT INTO recipe_ingredients VALUES(1342,229,1087,NULL,1.5);
INSERT INTO recipe_ingredients VALUES(1343,229,1065,NULL,1.0);
INSERT INTO recipe_ingredients VALUES(1344,230,1039,NULL,15.0);
INSERT INTO recipe_ingredients VALUES(1345,230,1038,NULL,1.0);
INSERT INTO recipe_ingredients VALUES(1346,230,1089,NULL,1.0);
INSERT INTO recipe_ingredients VALUES(1347,230,1074,NULL,0.5);
INSERT INTO recipe_ingredients VALUES(1348,230,1086,NULL,1.0);
INSERT INTO recipe_ingredients VALUES(1349,230,1041,NULL,0.5);
INSERT INTO recipe_ingredients VALUES(1350,230,1090,NULL,0.333333333333332981);
INSERT INTO recipe_ingredients VALUES(1351,230,1091,NULL,1.0);
INSERT INTO recipe_ingredients VALUES(1352,230,NULL,222,0.166666666666666657);
INSERT INTO recipe_ingredients VALUES(1353,231,1095,NULL,0.5);
INSERT INTO recipe_ingredients VALUES(1354,231,1036,NULL,2.0);
INSERT INTO recipe_ingredients VALUES(1355,231,1094,NULL,6.0);
INSERT INTO recipe_ingredients VALUES(1356,231,1020,NULL,0.5);
INSERT INTO recipe_ingredients VALUES(1357,232,1097,NULL,1.0);
INSERT INTO recipe_ingredients VALUES(1358,232,1036,NULL,2.0);
INSERT INTO recipe_ingredients VALUES(1359,232,1026,NULL,1.0);
INSERT INTO recipe_ingredients VALUES(1360,232,1098,NULL,2.0);
INSERT INTO recipe_ingredients VALUES(1361,233,1041,NULL,3.0);
INSERT INTO recipe_ingredients VALUES(1362,233,1080,NULL,0.675000000000000044);
INSERT INTO recipe_ingredients VALUES(1363,233,1077,NULL,2.0);
INSERT INTO recipe_ingredients VALUES(1364,234,NULL,233,1.0);
INSERT INTO recipe_ingredients VALUES(1365,234,1037,NULL,3.0);
INSERT INTO recipe_ingredients VALUES(1366,234,1036,NULL,1.0);
INSERT INTO recipe_ingredients VALUES(1367,234,1022,NULL,0.5);
INSERT INTO recipe_ingredients VALUES(1368,234,1040,NULL,1.0);
INSERT INTO recipe_ingredients VALUES(1369,235,NULL,233,1.0);
INSERT INTO recipe_ingredients VALUES(1370,235,NULL,224,1.0);
INSERT INTO recipe_ingredients VALUES(1371,235,1009,NULL,0.25);
INSERT INTO recipe_ingredients VALUES(1372,235,1020,NULL,0.25);
INSERT INTO recipe_ingredients VALUES(1373,235,1070,NULL,0.5);
INSERT INTO recipe_ingredients VALUES(1374,236,1095,NULL,0.5);
INSERT INTO recipe_ingredients VALUES(1375,236,1026,NULL,2.0);
INSERT INTO recipe_ingredients VALUES(1376,236,1090,NULL,0.166660000000000002);
INSERT INTO recipe_ingredients VALUES(1377,237,1007,NULL,1.25);
INSERT INTO recipe_ingredients VALUES(1378,237,1009,NULL,0.5);
INSERT INTO recipe_ingredients VALUES(1379,237,1032,NULL,0.5);
INSERT INTO recipe_ingredients VALUES(1380,237,1011,NULL,1.0);
INSERT INTO recipe_ingredients VALUES(1381,237,1034,NULL,1.0);
INSERT INTO recipe_ingredients VALUES(1382,237,1033,NULL,1.0);
INSERT INTO recipe_ingredients VALUES(1383,237,1010,NULL,1.0);
INSERT INTO recipe_ingredients VALUES(1384,238,1074,NULL,1.0);
INSERT INTO recipe_ingredients VALUES(1385,238,1109,NULL,250.0);
INSERT INTO recipe_ingredients VALUES(1386,239,NULL,238,0.125);
INSERT INTO recipe_ingredients VALUES(1387,239,NULL,233,2.0);
INSERT INTO recipe_ingredients VALUES(1388,239,1020,NULL,0.25);
INSERT INTO recipe_ingredients VALUES(1389,239,1036,NULL,1.0);
INSERT INTO recipe_ingredients VALUES(1390,240,1112,NULL,1.0);
INSERT INTO recipe_ingredients VALUES(1391,240,1007,NULL,0.5);
INSERT INTO recipe_ingredients VALUES(1392,240,1009,NULL,0.25);
INSERT INTO recipe_ingredients VALUES(1393,240,1032,NULL,0.25);
INSERT INTO recipe_ingredients VALUES(1394,240,1011,NULL,0.5);
INSERT INTO recipe_ingredients VALUES(1395,240,1034,NULL,1.0);
INSERT INTO recipe_ingredients VALUES(1396,240,1033,NULL,0.5);
INSERT INTO recipe_ingredients VALUES(1397,240,1010,NULL,0.5);
INSERT INTO recipe_ingredients VALUES(1398,241,1041,NULL,2.0);
INSERT INTO recipe_ingredients VALUES(1399,241,1042,NULL,0.0833333333333333009);
INSERT INTO recipe_ingredients VALUES(1400,241,1079,NULL,0.03125);
INSERT INTO recipe_ingredients VALUES(1401,241,1065,NULL,2.0);
INSERT INTO recipe_ingredients VALUES(1402,242,NULL,241,0.5);
INSERT INTO recipe_ingredients VALUES(1403,242,1114,NULL,0.25);
INSERT INTO recipe_ingredients VALUES(1404,242,1113,NULL,10.0);
INSERT INTO recipe_ingredients VALUES(1405,242,1089,NULL,5.0);
INSERT INTO recipe_ingredients VALUES(1406,243,1041,NULL,3.66699999999999981);
INSERT INTO recipe_ingredients VALUES(1407,243,1078,NULL,1.25);
INSERT INTO recipe_ingredients VALUES(1408,243,1077,NULL,1.5);
INSERT INTO recipe_ingredients VALUES(1409,243,1023,NULL,6.0);
INSERT INTO recipe_ingredients VALUES(1410,243,1080,NULL,2.5);
INSERT INTO recipe_ingredients VALUES(1411,243,1079,NULL,2.25);
INSERT INTO recipe_ingredients VALUES(1412,243,1086,NULL,2.0);
INSERT INTO recipe_ingredients VALUES(1413,243,1084,NULL,2.0);
INSERT INTO recipe_ingredients VALUES(1414,243,1116,NULL,10.0);
INSERT INTO recipe_ingredients VALUES(1415,244,1121,NULL,8.0);
INSERT INTO recipe_ingredients VALUES(1416,244,1122,NULL,4.0);
INSERT INTO recipe_ingredients VALUES(1417,244,1123,NULL,80.0);
INSERT INTO recipe_ingredients VALUES(1418,244,1124,NULL,4.0);
INSERT INTO recipe_ingredients VALUES(1419,244,1020,NULL,1.0);
INSERT INTO recipe_ingredients VALUES(1420,244,1015,NULL,4.0);
INSERT INTO recipe_ingredients VALUES(1421,244,1080,NULL,0.375);
INSERT INTO recipe_ingredients VALUES(1422,244,1066,NULL,2.0);
INSERT INTO recipe_ingredients VALUES(1423,245,1126,NULL,25.0);
INSERT INTO recipe_ingredients VALUES(1424,245,1102,NULL,1.0);
INSERT INTO recipe_ingredients VALUES(1425,246,1135,NULL,16.0);
INSERT INTO recipe_ingredients VALUES(1426,246,1063,NULL,0.666699999999999959);
INSERT INTO recipe_ingredients VALUES(1427,246,1051,NULL,1.0);
INSERT INTO recipe_ingredients VALUES(1428,246,1020,NULL,0.666699999999999959);
INSERT INTO recipe_ingredients VALUES(1429,246,1066,NULL,2.0);
INSERT INTO recipe_ingredients VALUES(1430,246,1032,NULL,0.100000000000000005);
INSERT INTO recipe_ingredients VALUES(1431,246,1067,NULL,2.0);
INSERT INTO recipe_ingredients VALUES(1432,246,1137,NULL,1.0);
INSERT INTO recipe_ingredients VALUES(1433,246,1045,NULL,0.5);
INSERT INTO recipe_ingredients VALUES(1434,246,1136,NULL,1.5);
INSERT INTO recipe_ingredients VALUES(1435,247,1095,NULL,0.666699999999999959);
INSERT INTO recipe_ingredients VALUES(1436,247,1145,NULL,1.0);
INSERT INTO recipe_ingredients VALUES(1437,247,1036,NULL,1.0);
INSERT INTO recipe_ingredients VALUES(1438,247,1149,NULL,1.0);
INSERT INTO recipe_ingredients VALUES(1439,247,1146,NULL,0.333000000000000018);
INSERT INTO recipe_ingredients VALUES(1440,247,1147,NULL,0.25);
INSERT INTO recipe_ingredients VALUES(1441,247,1020,NULL,0.100000000000000005);
INSERT INTO recipe_ingredients VALUES(1442,247,1027,NULL,1.5);
INSERT INTO recipe_ingredients VALUES(1443,247,1148,NULL,1.0);
INSERT INTO recipe_ingredients VALUES(1444,248,1041,NULL,2.0);
INSERT INTO recipe_ingredients VALUES(1445,248,1079,NULL,0.125);
INSERT INTO recipe_ingredients VALUES(1446,248,1151,NULL,4.0);
INSERT INTO recipe_ingredients VALUES(1447,248,1152,NULL,0.5);
INSERT INTO recipe_ingredients VALUES(1448,248,1080,NULL,0.5);
INSERT INTO recipe_ingredients VALUES(1449,248,1015,NULL,16.0);
INSERT INTO recipe_ingredients VALUES(1450,248,1065,NULL,1.0);
INSERT INTO recipe_ingredients VALUES(1451,248,1084,NULL,1.0);
INSERT INTO recipe_ingredients VALUES(1452,248,1036,NULL,2.0);
INSERT INTO recipe_ingredients VALUES(1453,248,1026,NULL,3.0);
INSERT INTO recipe_ingredients VALUES(1454,248,1098,NULL,1.5);
INSERT INTO recipe_ingredients VALUES(1455,249,1023,NULL,2.0);
INSERT INTO recipe_ingredients VALUES(1456,249,1041,NULL,3.5);
INSERT INTO recipe_ingredients VALUES(1457,249,1042,NULL,0.0833333333333333009);
INSERT INTO recipe_ingredients VALUES(1458,250,1086,NULL,5.0);
INSERT INTO recipe_ingredients VALUES(1459,250,1041,NULL,5.0);
INSERT INTO recipe_ingredients VALUES(1460,250,1152,NULL,1.0);
INSERT INTO recipe_ingredients VALUES(1461,251,1020,NULL,2.0);
INSERT INTO recipe_ingredients VALUES(1462,251,1026,NULL,5.0);
INSERT INTO recipe_ingredients VALUES(1463,251,1114,NULL,1.75);
INSERT INTO recipe_ingredients VALUES(1464,251,1158,NULL,2.5);
INSERT INTO recipe_ingredients VALUES(1465,252,1041,NULL,3.66699999999999981);
INSERT INTO recipe_ingredients VALUES(1466,252,1078,NULL,1.25);
INSERT INTO recipe_ingredients VALUES(1467,252,1077,NULL,1.5);
INSERT INTO recipe_ingredients VALUES(1468,252,1023,NULL,2.0);
INSERT INTO recipe_ingredients VALUES(1469,252,1080,NULL,2.5);
INSERT INTO recipe_ingredients VALUES(1470,252,1079,NULL,2.25);
INSERT INTO recipe_ingredients VALUES(1471,252,1086,NULL,2.0);
INSERT INTO recipe_ingredients VALUES(1472,252,1084,NULL,2.0);
INSERT INTO recipe_ingredients VALUES(1473,252,1116,NULL,10.0);
INSERT INTO recipe_ingredients VALUES(1474,253,1165,NULL,2.0);
INSERT INTO recipe_ingredients VALUES(1475,253,NULL,233,1.0);
INSERT INTO recipe_ingredients VALUES(1476,253,1091,NULL,0.5);
CREATE TABLE logbook (
    logbook_id INTEGER PRIMARY KEY AUTOINCREMENT,
    date DATE NOT NULL,
    food_unit_id INTEGER,
    recipe_id INTEGER,
    quantity REAL NOT NULL, -- Quantity of food or recipe consumed
    FOREIGN KEY (food_unit_id) REFERENCES food_units(food_unit_id),
    FOREIGN KEY (recipe_id) REFERENCES recipes(recipe_id),
    CHECK (food_unit_id IS NOT NULL OR recipe_id IS NOT NULL)
);
INSERT INTO logbook VALUES(1480,'2024-08-09',NULL,219,0.666666666666666962);
INSERT INTO logbook VALUES(1481,'2024-08-09',1012,NULL,1.0);
INSERT INTO logbook VALUES(1482,'2024-08-09',1013,NULL,0.5);
INSERT INTO logbook VALUES(1483,'2024-08-09',1014,NULL,2.0);
INSERT INTO logbook VALUES(1484,'2024-08-09',1015,NULL,0.5);
INSERT INTO logbook VALUES(1485,'2024-08-09',1016,NULL,1.0);
INSERT INTO logbook VALUES(1486,'2024-08-09',1029,NULL,2.0);
INSERT INTO logbook VALUES(1487,'2024-08-09',1018,NULL,1.0);
INSERT INTO logbook VALUES(1488,'2024-08-09',1017,NULL,2.0);
INSERT INTO logbook VALUES(1489,'2024-08-09',1019,NULL,0.5);
INSERT INTO logbook VALUES(1490,'2024-08-09',1020,NULL,0.5);
INSERT INTO logbook VALUES(1491,'2024-08-09',1021,NULL,2.0);
INSERT INTO logbook VALUES(1492,'2024-08-09',1022,NULL,1.5);
INSERT INTO logbook VALUES(1493,'2024-08-09',1024,NULL,1.0);
INSERT INTO logbook VALUES(1494,'2024-08-09',1025,NULL,1.0);
INSERT INTO logbook VALUES(1495,'2024-08-09',1023,NULL,1.0);
INSERT INTO logbook VALUES(1496,'2024-08-09',NULL,220,0.25);
INSERT INTO logbook VALUES(1497,'2024-08-09',1028,NULL,1.0);
INSERT INTO logbook VALUES(1498,'2024-08-09',1031,NULL,2.0);
INSERT INTO logbook VALUES(1499,'2024-08-10',1014,NULL,2.0);
INSERT INTO logbook VALUES(1500,'2024-08-10',1015,NULL,0.5);
INSERT INTO logbook VALUES(1501,'2024-08-10',1013,NULL,0.5);
INSERT INTO logbook VALUES(1502,'2024-08-10',1035,NULL,0.666666666666666962);
INSERT INTO logbook VALUES(1503,'2024-08-10',NULL,221,0.5);
INSERT INTO logbook VALUES(1504,'2024-08-10',1025,NULL,1.0);
INSERT INTO logbook VALUES(1505,'2024-08-10',NULL,223,0.5);
INSERT INTO logbook VALUES(1506,'2024-08-10',NULL,225,0.5);
INSERT INTO logbook VALUES(1507,'2024-08-10',1032,NULL,1.0);
INSERT INTO logbook VALUES(1508,'2024-08-10',1059,NULL,1.0);
INSERT INTO logbook VALUES(1509,'2024-08-10',1048,NULL,0.5);
INSERT INTO logbook VALUES(1510,'2024-08-10',1049,NULL,0.5);
INSERT INTO logbook VALUES(1511,'2024-08-10',1050,NULL,2.0);
INSERT INTO logbook VALUES(1512,'2024-08-10',NULL,224,1.0);
INSERT INTO logbook VALUES(1513,'2024-08-10',1051,NULL,0.666666666666666962);
INSERT INTO logbook VALUES(1514,'2024-08-10',1052,NULL,0.5);
INSERT INTO logbook VALUES(1515,'2024-08-10',1053,NULL,0.5);
INSERT INTO logbook VALUES(1516,'2024-08-10',1054,NULL,2.0);
INSERT INTO logbook VALUES(1517,'2024-08-10',1056,NULL,0.25);
INSERT INTO logbook VALUES(1518,'2024-08-10',1055,NULL,0.5);
INSERT INTO logbook VALUES(1519,'2024-08-10',1057,NULL,0.5);
INSERT INTO logbook VALUES(1520,'2024-08-10',1058,NULL,0.5);
INSERT INTO logbook VALUES(1521,'2024-08-11',1014,NULL,2.0);
INSERT INTO logbook VALUES(1522,'2024-08-11',1015,NULL,0.5);
INSERT INTO logbook VALUES(1523,'2024-08-11',NULL,226,0.5);
INSERT INTO logbook VALUES(1524,'2024-08-11',1012,NULL,1.0);
INSERT INTO logbook VALUES(1525,'2024-08-11',1013,NULL,0.5);
INSERT INTO logbook VALUES(1526,'2024-08-11',1014,NULL,1.0);
INSERT INTO logbook VALUES(1527,'2024-08-11',1061,NULL,1.0);
INSERT INTO logbook VALUES(1528,'2024-08-11',NULL,223,1.0);
INSERT INTO logbook VALUES(1529,'2024-08-11',1048,NULL,0.5);
INSERT INTO logbook VALUES(1530,'2024-08-11',1062,NULL,1.0);
INSERT INTO logbook VALUES(1531,'2024-08-11',NULL,227,0.333333333333332981);
INSERT INTO logbook VALUES(1532,'2024-08-11',1050,NULL,1.0);
INSERT INTO logbook VALUES(1533,'2024-08-11',1025,NULL,1.0);
INSERT INTO logbook VALUES(1534,'2024-08-11',1075,NULL,0.5);
INSERT INTO logbook VALUES(1535,'2024-08-11',1031,NULL,0.5);
INSERT INTO logbook VALUES(1536,'2024-08-12',1014,NULL,1.5);
INSERT INTO logbook VALUES(1537,'2024-08-12',1015,NULL,0.5);
INSERT INTO logbook VALUES(1538,'2024-08-12',NULL,226,0.666666666666666629);
INSERT INTO logbook VALUES(1539,'2024-08-12',NULL,220,0.333333333333332981);
INSERT INTO logbook VALUES(1540,'2024-08-12',NULL,228,0.0666666666666666657);
INSERT INTO logbook VALUES(1541,'2024-08-12',1025,NULL,1.0);
INSERT INTO logbook VALUES(1542,'2024-08-12',1028,NULL,0.5);
INSERT INTO logbook VALUES(1543,'2024-08-12',1016,NULL,1.0);
INSERT INTO logbook VALUES(1544,'2024-08-12',1015,NULL,0.5);
INSERT INTO logbook VALUES(1545,'2024-08-12',NULL,229,1.5);
INSERT INTO logbook VALUES(1546,'2024-08-12',1057,NULL,0.75);
INSERT INTO logbook VALUES(1547,'2024-08-12',NULL,230,0.25);
INSERT INTO logbook VALUES(1548,'2024-08-12',1092,NULL,1.0);
INSERT INTO logbook VALUES(1549,'2024-08-12',1031,NULL,1.0);
INSERT INTO logbook VALUES(1550,'2024-08-13',NULL,226,0.5);
INSERT INTO logbook VALUES(1551,'2024-08-13',1014,NULL,1.0);
INSERT INTO logbook VALUES(1552,'2024-08-13',1015,NULL,0.5);
INSERT INTO logbook VALUES(1553,'2024-08-13',1093,NULL,0.5);
INSERT INTO logbook VALUES(1554,'2024-08-13',1013,NULL,0.5);
INSERT INTO logbook VALUES(1555,'2024-08-13',1050,NULL,2.0);
INSERT INTO logbook VALUES(1556,'2024-08-13',NULL,227,0.25);
INSERT INTO logbook VALUES(1557,'2024-08-13',NULL,231,0.666666666666666629);
INSERT INTO logbook VALUES(1558,'2024-08-13',1009,NULL,0.5);
INSERT INTO logbook VALUES(1559,'2024-08-13',1020,NULL,0.25);
INSERT INTO logbook VALUES(1560,'2024-08-13',1008,NULL,0.09375);
INSERT INTO logbook VALUES(1561,'2024-08-13',1096,NULL,0.5);
INSERT INTO logbook VALUES(1562,'2024-08-14',1014,NULL,2.0);
INSERT INTO logbook VALUES(1563,'2024-08-14',1015,NULL,1.0);
INSERT INTO logbook VALUES(1564,'2024-08-14',NULL,232,0.400000000000000022);
INSERT INTO logbook VALUES(1565,'2024-08-14',NULL,226,0.599999999999999977);
INSERT INTO logbook VALUES(1566,'2024-08-14',1050,NULL,4.0);
INSERT INTO logbook VALUES(1567,'2024-08-14',NULL,234,1.0);
INSERT INTO logbook VALUES(1568,'2024-08-14',NULL,235,1.0);
INSERT INTO logbook VALUES(1569,'2024-08-14',1048,NULL,1.0);
INSERT INTO logbook VALUES(1570,'2024-08-14',1099,NULL,7.5);
INSERT INTO logbook VALUES(1571,'2024-08-14',1100,NULL,3.0);
INSERT INTO logbook VALUES(1572,'2024-08-14',1101,NULL,1.0);
INSERT INTO logbook VALUES(1573,'2024-08-14',1031,NULL,0.5);
INSERT INTO logbook VALUES(1574,'2024-08-14',1075,NULL,0.5);
INSERT INTO logbook VALUES(1575,'2024-08-14',1050,NULL,1.0);
INSERT INTO logbook VALUES(1576,'2024-08-15',1014,NULL,2.0);
INSERT INTO logbook VALUES(1577,'2024-08-15',1015,NULL,1.5);
INSERT INTO logbook VALUES(1578,'2024-08-15',NULL,226,0.5);
INSERT INTO logbook VALUES(1579,'2024-08-15',1100,NULL,2.0);
INSERT INTO logbook VALUES(1580,'2024-08-15',1099,NULL,7.5);
INSERT INTO logbook VALUES(1581,'2024-08-15',1105,NULL,0.5);
INSERT INTO logbook VALUES(1582,'2024-08-15',1070,NULL,0.100000000000000005);
INSERT INTO logbook VALUES(1583,'2024-08-15',1020,NULL,0.299999999999999988);
INSERT INTO logbook VALUES(1584,'2024-08-15',1106,NULL,0.5);
INSERT INTO logbook VALUES(1585,'2024-08-15',1009,NULL,0.25);
INSERT INTO logbook VALUES(1586,'2024-08-15',1008,NULL,0.100000000000000005);
INSERT INTO logbook VALUES(1587,'2024-08-15',1103,NULL,0.5);
INSERT INTO logbook VALUES(1588,'2024-08-15',NULL,236,3.0);
INSERT INTO logbook VALUES(1589,'2024-08-16',1014,NULL,2.0);
INSERT INTO logbook VALUES(1590,'2024-08-16',1015,NULL,2.0);
INSERT INTO logbook VALUES(1591,'2024-08-16',1107,NULL,0.5);
INSERT INTO logbook VALUES(1592,'2024-08-16',1013,NULL,0.75);
INSERT INTO logbook VALUES(1593,'2024-08-16',NULL,237,0.5);
INSERT INTO logbook VALUES(1594,'2024-08-16',NULL,236,3.0);
INSERT INTO logbook VALUES(1595,'2024-08-16',1105,NULL,0.25);
INSERT INTO logbook VALUES(1596,'2024-08-16',1070,NULL,0.100000000000000005);
INSERT INTO logbook VALUES(1597,'2024-08-16',1020,NULL,0.25);
INSERT INTO logbook VALUES(1598,'2024-08-16',1106,NULL,0.5);
INSERT INTO logbook VALUES(1599,'2024-08-16',1009,NULL,0.25);
INSERT INTO logbook VALUES(1600,'2024-08-16',1008,NULL,0.100000000000000005);
INSERT INTO logbook VALUES(1601,'2024-08-16',1063,NULL,0.25);
INSERT INTO logbook VALUES(1602,'2024-08-16',1103,NULL,0.25);
INSERT INTO logbook VALUES(1603,'2024-08-16',1099,NULL,7.5);
INSERT INTO logbook VALUES(1604,'2024-08-16',1108,NULL,12.0);
INSERT INTO logbook VALUES(1605,'2024-08-16',NULL,239,2.0);
INSERT INTO logbook VALUES(1606,'2024-08-16',1110,NULL,1.25);
INSERT INTO logbook VALUES(1607,'2024-08-16',1111,NULL,1.5);
INSERT INTO logbook VALUES(1608,'2024-08-17',1014,NULL,2.0);
INSERT INTO logbook VALUES(1609,'2024-08-17',1015,NULL,1.0);
INSERT INTO logbook VALUES(1610,'2024-08-17',NULL,237,1.0);
INSERT INTO logbook VALUES(1611,'2024-08-17',1099,NULL,7.5);
INSERT INTO logbook VALUES(1612,'2024-08-17',NULL,242,4.0);
INSERT INTO logbook VALUES(1613,'2024-08-17',NULL,243,4.5);
INSERT INTO logbook VALUES(1614,'2024-08-17',1087,NULL,1.0);
INSERT INTO logbook VALUES(1615,'2024-08-17',1008,NULL,0.1875);
INSERT INTO logbook VALUES(1616,'2024-08-17',1080,NULL,0.125);
INSERT INTO logbook VALUES(1617,'2024-08-17',1117,NULL,1.0);
INSERT INTO logbook VALUES(1618,'2024-08-17',1118,NULL,8.0);
INSERT INTO logbook VALUES(1619,'2024-08-17',1119,NULL,1.0);
INSERT INTO logbook VALUES(1620,'2024-08-17',1032,NULL,1.0);
INSERT INTO logbook VALUES(1621,'2024-08-17',1027,NULL,3.0);
INSERT INTO logbook VALUES(1622,'2024-08-17',1020,NULL,0.25);
INSERT INTO logbook VALUES(1623,'2024-08-17',1101,NULL,2.0);
INSERT INTO logbook VALUES(1624,'2024-08-17',1120,NULL,1.0);
INSERT INTO logbook VALUES(1625,'2024-08-17',1108,NULL,12.0);
INSERT INTO logbook VALUES(1626,'2024-08-18',1014,NULL,2.0);
INSERT INTO logbook VALUES(1627,'2024-08-18',1015,NULL,1.0);
INSERT INTO logbook VALUES(1628,'2024-08-18',1038,NULL,1.0);
INSERT INTO logbook VALUES(1629,'2024-08-18',1086,NULL,1.0);
INSERT INTO logbook VALUES(1630,'2024-08-18',1023,NULL,0.25);
INSERT INTO logbook VALUES(1631,'2024-08-18',1035,NULL,0.5);
INSERT INTO logbook VALUES(1632,'2024-08-18',1022,NULL,0.25);
INSERT INTO logbook VALUES(1633,'2024-08-18',1117,NULL,0.5);
INSERT INTO logbook VALUES(1634,'2024-08-18',1099,NULL,7.5);
INSERT INTO logbook VALUES(1635,'2024-08-18',NULL,244,0.25);
INSERT INTO logbook VALUES(1636,'2024-08-18',1108,NULL,12.0);
INSERT INTO logbook VALUES(1637,'2024-08-18',NULL,243,2.0);
INSERT INTO logbook VALUES(1638,'2024-08-19',1014,NULL,2.0);
INSERT INTO logbook VALUES(1639,'2024-08-19',1015,NULL,1.5);
INSERT INTO logbook VALUES(1640,'2024-08-19',1014,NULL,2.0);
INSERT INTO logbook VALUES(1641,'2024-08-19',1015,NULL,1.5);
INSERT INTO logbook VALUES(1642,'2024-08-19',1125,NULL,0.75);
INSERT INTO logbook VALUES(1643,'2024-08-19',NULL,239,2.0);
INSERT INTO logbook VALUES(1644,'2024-08-19',1099,NULL,7.5);
INSERT INTO logbook VALUES(1645,'2024-08-19',1074,NULL,0.5);
INSERT INTO logbook VALUES(1646,'2024-08-19',1032,NULL,1.0);
INSERT INTO logbook VALUES(1647,'2024-08-19',1027,NULL,4.0);
INSERT INTO logbook VALUES(1648,'2024-08-19',NULL,245,7.0);
INSERT INTO logbook VALUES(1649,'2024-08-20',1014,NULL,2.0);
INSERT INTO logbook VALUES(1650,'2024-08-20',1015,NULL,1.0);
INSERT INTO logbook VALUES(1651,'2024-08-20',1035,NULL,0.5);
INSERT INTO logbook VALUES(1652,'2024-08-20',1013,NULL,0.5);
INSERT INTO logbook VALUES(1653,'2024-08-20',1038,NULL,1.0);
INSERT INTO logbook VALUES(1654,'2024-08-20',NULL,237,1.0);
INSERT INTO logbook VALUES(1655,'2024-08-20',1127,NULL,0.125);
INSERT INTO logbook VALUES(1656,'2024-08-20',NULL,244,0.25);
INSERT INTO logbook VALUES(1657,'2024-08-20',1128,NULL,0.5);
INSERT INTO logbook VALUES(1658,'2024-08-20',1106,NULL,1.0);
INSERT INTO logbook VALUES(1659,'2024-08-20',1014,NULL,1.0);
INSERT INTO logbook VALUES(1660,'2024-08-20',1131,NULL,0.75);
INSERT INTO logbook VALUES(1661,'2024-08-20',1130,NULL,2.0);
INSERT INTO logbook VALUES(1662,'2024-08-20',1132,NULL,8.0);
INSERT INTO logbook VALUES(1663,'2024-08-20',1101,NULL,2.0);
INSERT INTO logbook VALUES(1664,'2024-08-20',1133,NULL,0.5);
INSERT INTO logbook VALUES(1665,'2024-08-21',1014,NULL,2.0);
INSERT INTO logbook VALUES(1666,'2024-08-21',1015,NULL,1.0);
INSERT INTO logbook VALUES(1667,'2024-08-21',1035,NULL,0.5);
INSERT INTO logbook VALUES(1668,'2024-08-21',1013,NULL,0.5);
INSERT INTO logbook VALUES(1669,'2024-08-21',NULL,239,1.0);
INSERT INTO logbook VALUES(1670,'2024-08-21',1027,NULL,2.0);
INSERT INTO logbook VALUES(1671,'2024-08-21',1134,NULL,0.5);
INSERT INTO logbook VALUES(1672,'2024-08-21',NULL,233,1.0);
INSERT INTO logbook VALUES(1673,'2024-08-21',NULL,245,7.0);
INSERT INTO logbook VALUES(1674,'2024-08-21',1032,NULL,1.0);
INSERT INTO logbook VALUES(1675,'2024-08-21',1074,NULL,0.5);
INSERT INTO logbook VALUES(1676,'2024-08-21',NULL,246,1.0);
INSERT INTO logbook VALUES(1677,'2024-08-22',NULL,243,2.0);
INSERT INTO logbook VALUES(1678,'2024-08-21',NULL,243,2.0);
INSERT INTO logbook VALUES(1679,'2024-08-22',NULL,237,1.0);
INSERT INTO logbook VALUES(1680,'2024-08-22',1014,NULL,2.0);
INSERT INTO logbook VALUES(1681,'2024-08-22',1015,NULL,1.0);
INSERT INTO logbook VALUES(1682,'2024-08-22',NULL,246,1.0);
INSERT INTO logbook VALUES(1683,'2024-08-22',1073,NULL,0.125);
INSERT INTO logbook VALUES(1684,'2024-08-22',1136,NULL,0.166670000000000012);
INSERT INTO logbook VALUES(1685,'2024-08-22',1032,NULL,0.5);
INSERT INTO logbook VALUES(1686,'2024-08-22',1138,NULL,1.0);
INSERT INTO logbook VALUES(1687,'2024-08-22',1139,NULL,1.0);
INSERT INTO logbook VALUES(1688,'2024-08-22',1140,NULL,1.0);
INSERT INTO logbook VALUES(1689,'2024-08-22',1057,NULL,1.5);
INSERT INTO logbook VALUES(1690,'2024-08-22',1141,NULL,1.0);
INSERT INTO logbook VALUES(1691,'2024-08-23',1016,NULL,1.0);
INSERT INTO logbook VALUES(1692,'2024-08-23',1015,NULL,1.0);
INSERT INTO logbook VALUES(1693,'2024-08-23',1142,NULL,2.0);
INSERT INTO logbook VALUES(1694,'2024-08-23',1143,NULL,1.0);
INSERT INTO logbook VALUES(1695,'2024-08-23',1144,NULL,1.0);
INSERT INTO logbook VALUES(1696,'2024-08-23',NULL,247,1.0);
INSERT INTO logbook VALUES(1697,'2024-08-23',1057,NULL,0.5);
INSERT INTO logbook VALUES(1698,'2024-08-23',NULL,243,1.0);
INSERT INTO logbook VALUES(1699,'2024-08-23',1150,NULL,1.0);
INSERT INTO logbook VALUES(1700,'2024-08-22',NULL,248,2.0);
INSERT INTO logbook VALUES(1701,'2024-08-24',1014,NULL,3.0);
INSERT INTO logbook VALUES(1702,'2024-08-24',1015,NULL,2.0);
INSERT INTO logbook VALUES(1703,'2024-08-24',NULL,248,2.0);
INSERT INTO logbook VALUES(1704,'2024-08-24',NULL,237,1.0);
INSERT INTO logbook VALUES(1705,'2024-08-24',1099,NULL,7.5);
INSERT INTO logbook VALUES(1706,'2024-08-24',1155,NULL,1.5);
INSERT INTO logbook VALUES(1707,'2024-08-24',1156,NULL,0.75);
INSERT INTO logbook VALUES(1708,'2024-08-24',1157,NULL,1.0);
INSERT INTO logbook VALUES(1709,'2024-08-24',NULL,249,0.5);
INSERT INTO logbook VALUES(1710,'2024-08-24',NULL,250,1.0);
INSERT INTO logbook VALUES(1711,'2024-08-24',NULL,251,1.0);
INSERT INTO logbook VALUES(1712,'2024-08-24',1091,NULL,0.5);
INSERT INTO logbook VALUES(1713,'2024-08-25',1014,NULL,2.0);
INSERT INTO logbook VALUES(1714,'2024-08-25',1015,NULL,1.0);
INSERT INTO logbook VALUES(1715,'2024-08-25',1159,NULL,20.0);
INSERT INTO logbook VALUES(1716,'2024-08-25',1160,NULL,0.666699999999999959);
INSERT INTO logbook VALUES(1717,'2024-08-25',1161,NULL,1.0);
INSERT INTO logbook VALUES(1718,'2024-08-25',1162,NULL,16.0);
INSERT INTO logbook VALUES(1719,'2024-08-25',1036,NULL,1.0);
INSERT INTO logbook VALUES(1720,'2024-08-25',1117,NULL,1.0);
INSERT INTO logbook VALUES(1721,'2024-08-25',1163,NULL,7.0);
INSERT INTO logbook VALUES(1722,'2024-08-26',1014,NULL,2.0);
INSERT INTO logbook VALUES(1723,'2024-08-26',1015,NULL,1.5);
INSERT INTO logbook VALUES(1724,'2024-08-26',NULL,237,1.0);
INSERT INTO logbook VALUES(1725,'2024-08-26',1164,NULL,0.5);
INSERT INTO logbook VALUES(1726,'2024-08-26',1013,NULL,0.5);
INSERT INTO logbook VALUES(1727,'2024-08-26',1038,NULL,1.5);
INSERT INTO logbook VALUES(1728,'2024-08-26',1055,NULL,0.5);
INSERT INTO logbook VALUES(1729,'2024-08-26',1091,NULL,1.5);
INSERT INTO logbook VALUES(1730,'2024-08-26',1165,NULL,3.0);
INSERT INTO logbook VALUES(1731,'2024-08-26',NULL,252,2.0);
INSERT INTO logbook VALUES(1732,'2024-08-27',1014,NULL,2.0);
INSERT INTO logbook VALUES(1733,'2024-08-27',1015,NULL,1.5);
INSERT INTO logbook VALUES(1734,'2024-08-27',1164,NULL,0.5);
INSERT INTO logbook VALUES(1735,'2024-08-27',1013,NULL,0.5);
INSERT INTO logbook VALUES(1736,'2024-08-27',NULL,253,2.0);
INSERT INTO logbook VALUES(1737,'2024-08-27',NULL,252,3.0);
INSERT INTO logbook VALUES(1738,'2024-08-27',1007,NULL,1.0);
INSERT INTO logbook VALUES(1739,'2024-08-27',1166,NULL,1.0);
INSERT INTO logbook VALUES(1740,'2024-08-27',1167,NULL,0.5);
INSERT INTO logbook VALUES(1741,'2024-08-27',1168,NULL,0.5);
DELETE FROM sqlite_sequence;
INSERT INTO sqlite_sequence VALUES('foods',1017);
INSERT INTO sqlite_sequence VALUES('food_units',1168);
INSERT INTO sqlite_sequence VALUES('recipes',253);
INSERT INTO sqlite_sequence VALUES('recipe_ingredients',1476);
INSERT INTO sqlite_sequence VALUES('logbook',1741);
COMMIT;
